,alb,til,tuc,peine
L10-1,-0.0011369541648827443,-3.435566549386517e-08,-7.92752528494414e-09,-9.130967976946992e-11
mean,-0.0011369541648827443,-3.435566549386517e-08,-7.92752528494414e-09,-9.130967976946992e-11
