,sop,mop
L10-1,-3.616772083258198e-25,-2.6582338772672266e-25
mean,-3.616772083258198e-25,-2.6582338772672266e-25
