,alb,til,tuc,peine
2018,-0.435263643133424,-0.1759446966719722,-0.14926331438282917,-0.07703790420395625
mean,-0.435263643133424,-0.1759446966719722,-0.14926331438282917,-0.07703790420395625
