,alb,sop,mop,til,tuc,peine
L10-1,-0.012566366213202741,-3.366489330301301e-10,-2.7467149187218294e-11,-1.3052550835554816e-14,-1.182742573981631e-16,-3.70098073918708e-17
mean,-0.012566366213202741,-3.366489330301301e-10,-2.7467149187218294e-11,-1.3052550835554816e-14,-1.182742573981631e-16,-3.70098073918708e-17
