,R²,RMSE,std_obs07,p-value wilconox,MAE,BIC,IVM
L10-1,0.19130638221536478,0.2013620024427865,0.1571071306400038,0.11061391349954111,0.1576351676074008,-635.4335426726609,No Válido
Summary,,,,,,,Total Válidos: 0
