,R²,RMSE,std_obs07,p-value wilconox,MAE,BIC,IVM
L10-1,0.22650522706919818,0.19693105393551236,0.1571071306400038,0.282237419544599,0.15948385252101172,-645.001304074142,No Válido
Summary,,,,,,,Total Válidos: 0
