,R²,RMSE,std_obs07,p-value wilconox,MAE,BIC,IVM
L10-1,0.7448823447213901,0.11309822029303916,0.1571071306400038,0.40343736868463287,0.08285219848285123,-883.478031340091,Válido
Summary,,,,,,,Total Válidos: 1
