,R²,RMSE,std_obs07,p-value wilconox,MAE,BIC,p-value shapiro,IVM
2018,0.6753439451999019,0.1171233458364762,0.1327242587393498,0.20019379866712395,0.08274967865595224,-601.0347087488417,3.594346261290568e-09,Válido
Summary,,,,,,,,Total Válidos: 1
